{"is_source_file": true, "format": "Python", "description": "This is a FastAPI application file that defines the main backend API with CORS middleware configuration and a health check endpoint.", "external_files": ["fastapi", "fastapi.middleware.cors"], "external_methods": ["FastAPI", "CORSMiddleware"], "published": ["app"], "classes": [], "methods": [{"name": "health_check()", "description": "A simple endpoint that returns a health status message.", "scope": "", "scopeKind": ""}], "calls": ["app.add_middleware", "app.get"], "search_terms": ["FastAPI", "CORS", "health_check", "main.py", "api", "middleware"], "state": 2, "file_id": 1, "knowledge_revision": 9, "git_revision": "c9fcd01c0eaabcab044e853d762c3a6156fd81cf", "ctags": [{"_type": "tag", "name": "app", "path": "/home/kavia/workspace/code-generation/harmony-music-player-315302-315311/music_player_backend/src/api/main.py", "pattern": "/^app = FastAPI()$/", "language": "Python", "kind": "variable"}, {"_type": "tag", "name": "health_check", "path": "/home/kavia/workspace/code-generation/harmony-music-player-315302-315311/music_player_backend/src/api/main.py", "pattern": "/^def health_check():$/", "language": "Python", "kind": "function", "signature": "()"}], "hash": "58352bf5f133908bab16643199aa483d", "format-version": 4, "code-base-name": "music_player_backend", "filename": "music_player_backend/src/api/main.py", "search-terms": [], "fields": [{"name": "app = FastAPI()", "scope": "", "scopeKind": "", "description": "unavailable"}], "revision_history": [{"9": "c9fcd01c0eaabcab044e853d762c3a6156fd81cf"}]}