{"is_source_file": false, "format": "", "description": "", "external_files": [], "external_methods": [], "published": [], "classes": [], "methods": [], "calls": [], "search-terms": ["harmony-music-player", "315302", "315311"], "state": 2, "file_id": 4, "knowledge_revision": 7, "git_revision": "f5ad8ff2b41c0caf653070ce47cc807929fd26cb", "hash": "54fa3c819183f13a93955290c558fb13", "format-version": 4, "code-base-name": "music_player_backend", "filename": "README.md", "revision_history": [{"7": "f5ad8ff2b41c0caf653070ce47cc807929fd26cb"}]}